tweet_text,class
O bom de usar Samsung √© que desde ontem eu n√£o carrego meu cllr,1
"Gente eu passei anos e anos sendo hater da Samsung. Mas o celulares deles est√£o IMPEC√ÅVEL, meu celular al√©m de ser o √∫nico que eu n√£o quebro (ta aguentando um ano j√°) tem o sistema MUITO BOM e mil utilidades",1
"MEU GALAXY S20+ T√Å MUITO BOM AINDA, N√ÉO PRECISO TROCAR ELE, N√ÉO",1
"Esse carregador turbo da samsung √© mt bom, coloquei meu celular pra carregar 13h e j√° t√° em 70%",1
Que celular excelente √© o tal Galaxy S22 Ultra. Poderia ter investido nele sem arrependimento,1
"IPhone √© bom, mas nada tira a bateria do Samsung",1
Pelo menos o microfone do fone da samsung √© bom,1
eita que esse samsung notes √© bom mesmo d√° at√© pra escrever nos arquivos pdf,1
O bom do Samsung √© q vc consegue colocar v√≠deo na tela de bloqueio üôåüèª,1
"celular bom √© o meu samsung, q veio tomando chuva do sint√©tico ate em casa e n queimouüí™",1
"ser usu√°rio de samsung √© mt bom. acabei de descobrir q tem um botao p espelhar o celular na tv, f√°cil f√°cil",1
galera q pensar em comprar o samsung s20 fe compre que √© um √≥timo custo beneficio ate agr (uns 2 a 3 meses de uso),1
"Oq eu gosto do s22 √© que ele √© plano, cabe em qualquer lugar, n√£o esquenta, √© r√°pido e a c√¢mera √© √≥tima. Contra: √â UMA TELHA, UM MINI TABLET, N√ÉO DA PRA DIGITAR COM UMA M√ÉO E CAPA √â MUITO MAIS CARO tirando isso muito bom s√≥ perde pro s21 pq esse ficou no meu cora√ß√£o (todos ultra)",1
"Bom de iPhone √© isso, da o seu de entrada e pega um mais novo barateza",1
Minha irm√£ pegou um iPhone 13 eu tava olhando pqp √© outra coisa n√© se compara fiquei em choque que cll bom vsfd mil coisas pra fazer,1
T√£o bom digitar de um iPhone ü•π,1
O bom do iPhone que posso ver o que est√° escrito na msg antes de abrir kkkkkkkk,1
Bom dia sexta feira 13‚Ä¶ as 6 da manh√£ j√° comecei derrubando um copo cheio de √°gua no meu iPhone. Gra√ßas a Deus ele sobreviveu! üôèüèº,1
"Eu simplesmente amo meu IPhone fodase, celular bom do caralho, s√≥ de pegar na m√£o j√° fico feliz",1
fazer v√≠deo com c√¢mera do iPhone 14 √© simplesmente outro n√≠vel de bom,1
"S√©rio, iphone em quest√£o de qualidade de imagem e visualiza√ß√£o √© outro mundo, muito bom de verdade",1
O iPhone cria uns v√≠deos excelente de acordo com as fotos da galeria kkkkkk,1
"Ainda bem q o volume de motorola √© bom, m√£e t√° l√° fora e eu escutando ela olhando reels do quarto",1
"como nova usu√°ria de Motorola eu estou gostando dele, para telefone profissional ele √© √≥timo",1
Muito bom ter Xiaomi que d√° pra ouvir m√∫sica online de boa pelo Youtube por causa do player de m√∫sica conectado,1
aff o xiaomi 12t e tao feinho em compensa√ß√£o ele e otimo,1
Antes eu criticava bastante os testemunhas de celulares da Xiaomi...Comprei um!!! Resumindo. Virei um testemunha tamb√©m kkkkkk puta celular bom man√©,1
"100% confirmado   meu celular cometeu suic√≠dio e se arrependeu, o celular da minha m√£e foi diferente e s√≥ morreu,  zero sinais de vida   motivo? provavelmente o mesmo, bateria (o meu tava ruim e o outro ainda era original)  mas confia!!! Xiaomi √© realmente muito bom!!!",1
eu odiava com todas as for√ßas tirar foto no espelho mas percebi q eu s√≥ tinha c√¢mera ruim s20 eu te amo,1
"Eu ainda t√¥ chocada em como meu celular antigo era p√©ssimo,  esse n√£o deu nenhuma engasgada at√© agora,  muda a paleta do celular pra combinar com o wallpaper e muda cor de icon do app e ainda a galeria tem o pr√≥prio widget de foto  eu amo a samsung",1
"fodase se iPhone √© ruim, eu quero √© tirar foto boa no insta, personalizar meu celular sem aplicativo com an√∫ncio, achar capinha at√© na freira, tira foto legal, acho imposs√≠vel um celular caro NAO RODAR um jogo sequer bixo",1
"impressionante o atalho do iphone pra ejetar √°gua que entra sem querer, j√° tava querendo chorar porque entrou √°gua no alto falante e o som tava p√©ssimo e resolveu em segundos com uns sons estranhos",1
"N√£o tem nada ruim Apple TV, n√©? Todas as s√©ries entregam tudo. Os filmes...  E tem a Oprah ü•∞  T√¥ impressionado.",1
"nossa gente quem fala q a bateria do iphone e ruim so pode estar maluco, eu literalmente fico o dia todo assistindo escutando musica jogando e a bateria dura pra caralho, sem conta q carrega rapidinho ne",1
At√© que iPhone n√£o √© ruim,1
"Detesto bilion√°rios dito isso 

Gente a Amazon n√£o tem um gadget que seja ruim. Infelizmente adoro tudo que compro ü´•
Alexa me ajuda a treinar, Kindle nem se fala, fire stick renovou tudo as minha tv que s√£o mais antiga.",1
"tweetando pouco e vendo pouco as redes sociais pois to com um celular provis√≥rio t√£o ""bom"" que n√£o sinto vontade de mexer nele üòç",1
"dava de tudo por um celular com armazenamento bom, de verdade",1
"Todos os v√≠deos no tiktok que eu vejo falando sobre iPhones que valem a pena em 2023 sempre citam o iPhone 11, realmente √© um excelente celular üôèüèΩ",1
"muito bom que t√° tocando o hino do cruzeiro nele, simplesmente meu celular cruzeirou e n√£o √© meme",1
"Vim aqui dar um feedback do sistema ""encontrar telefone"" da xiaomi, √© muito bom, hoje a sala inteira conseguiu achar o meu celular com bastante facilidade, pequeno dia",1
bom mesmo era quando o celular tinha entrada do fone e outra do carregador üò≠,1
"preciso de indica√ß√£o de celular com a c√¢mera e mem√≥ria boa

Samsung fica horr√≠vel no insta",1
"motorola querendo fazer a mesma linha do ios deixando o celular ruim a cada atualiza√ß√£o pra ot√°rio pagar outro, sendo que o Motorola e um lixo, tem uma configura√ß√£o lixo, nunca vi celular ser t√£o ruim assim
tem um ano de uso s√≥ e essa bomba j√° t√° cheia de gra√ßa",1
o bom de ter a tv smart √© que eu boto no ytb e fico escutando minhas msc,1
Muito bom ter uma tv 4K no meu quarto,1
Como √© bom ter um aparelho de tv que FUNCIONA,1
Acho muito chique controlar minha tv pelo celular,1
"Recentemente tive que trocar de celular em decorr√™ncia do tr√°gico fim do meu IPhone 7plus, que entrou √°gua ocasionando curto-circuito e perda total do aparelho, mudei pra um S20 FE 5G e n√£o me arrependo, aparelho muito bom com processador snapdragon, o murro na Apple.",1
"Usei ele at√© 2018, foi quando ganhei meu primeiro celular,  e na pandemia ele me salvou muito, quando meu celular quebrou kkk
Hj em dia ele t√° obsoleto demais, mas eu compraria uma gera√ß√£o mais atual de t√£o bom q eu acho ele
Inclusive tenho uma thread perdida falando dele aqui",1
Comprei um iPhone 12. √â estranho ter um celular bom depois de anos usando celulares ruins~medianos.,1
"saudade do meu samsung galaxy j5 plus, a c√¢mera traseira dava de 10 a 0",1
"Eu estava pensando h√° pouco sobre o ecossistema Apple. Tudo se integra muito bem, a durabilidade das coisas tb. Meu melhor investimento foi num macbook air feito em 2017 e ele est√° igual ao dia que comprei. Sem tirar nem por. Pro que eu fa√ßo que √© TEXTO t√° √≥timo.",1
"O bom do iOS e do ecossistema em geral √© que pra essas coisas muitas vezes n√£o √© preciso usar apps externos - acessibilidade. Eu acredito que √© o dispositivo com mais possibilidades que j√° testei at√© hoje, inclusive pra mim na parte comunicacional e sensorial.",1
"povo critica mt a Samsung (j√° fui uma) mas mano,eu comprei um celular deles e a c√¢mera √© perfeita,tudo de bom o celular tmlc!!",1
"tomei uma puta resist√™ncia para produtos apple, mas sinceramente hoje n gostaria de trabalhar com algo q n√£o fosse um macbook
al√©m de bom o bixo √© leve demais, mt confort√°vel pra usar",1
"n√£o que samsung n√£o seja bom, meu celular tem mais de quatro anos de idade e agora que o processador e a bateria come√ßaram a dar sinais de desgaste, mas √© engra√ßado ver otimiza√ß√µes muito pequenas ou espec√≠ficas que na pr√°tica n√£o melhoram a qualidade de uso",1
"Vou falar um neg√≥cio aqui pra voc√™s que me seguem: SAMSUG S20 FE E UM CELULAR FODA PRA CARALHO! 

O CELULAR BOM VIU PQP!!!!! MELHOR COMPRA SEM DUVIDAS",1
"rapaz, revivi meu celular antigo pra usar de controlador de midia e tal. √â um Google Pixel 2 que comprei em dezembro de 2017. E que aparelho bom!",1
"Desculpa aos f√£s da Apple mas fiquei 4 meses com um iPhone 13 e odiei. E n√£o foi quest√£o de adapta√ß√£o n√£o, √© ruim mesmo! Acabei de pegar um S23 Ultra e estou AMANDO! ü´∂",1
eu sempre defendendo a samsung mentalmente pq quem diz que √© ruim √© pq n entender de smartphone,1
"ficam a√≠ julgando que xiaomi tem camera ruim
n tem ndv isso, ela √© uma empresa de mt cultura que busca deixar suas fotos parecendo aquarela",1
"Nossa como √© bom usar a tv com fone de ouvido Bluetooth pqp 

Nunca achei q isso ia ser √∫til",1
Eu fico viajando nesse joguinho da tv kkkkkkkk mt bom,1
meu deus audio do meu cll √© mt ruim msm nmrl fui ouvi o album na tv e esta mil vezes melhor,1
"prefiro comprar um android pra baixar todos os aplicativos que n√£o est√£o dispon√≠veis no iphone, mas nunca vou deixar de usar iphone. Celular bom p cacete",1
de vdd iphone e bom sim mas n e o melhor celular do mundo (nem existe isso afinal cada pessoa tem seu criterio de o que e um celular bom,1
Viciado em viver o carnaval s√≥ com meu carisma e meu celular Android com c√¢mera ruim e √°udio estourado. S√≥ isso basta,1
"muito dificil escrever no iphone deitado com o celular na cara, muito ruim",0
Samsung √© MT ruim de editar scrrr,0
"Detesto esses atalhos que v√™m no controle da tv, mais atrapalham do que ajudam. E, nossa, como √© ruim esse novo design do controle da samsung.",0
"sair de um plus pra pegar o iphone 13 normal foi a melhor coisa que eu fiz bom demais segurar o celular com uma m√£o s√≥

pequenas felicidades",0
"e a tela dele √© uma das mais cara do Motorola pra arrumar, enfim RESUMO: EU SOU UMA FODIDA BURRA QUE O CLL TEM QUE ANDAR PENDURADO PRA NAO QUEBRAR... 
Lado bom da hist√≥ria: J√° vendi o outro cll que eu achei que tinha pifado ü´∞",0
At√© hoje nao encontrei um app de organiza√ß√£o financeira de iphone tao bom quanto o minhas finan√ßas do android,0
"juntando um dinheiro pra poder pega meu iPhone, pq esse celular aqui t√° muito ruim , nunca ms compro Motorola na minha vida mn",0
"Porque a c√¢mera do iPhone √© t√£o ruim no escuro, pqqqq",0
Iphone √© √≥timo ate voc√™ quebrar ele e ter que ‚Äúconsertar‚Äù ‚òπÔ∏è,0
pq ngm fala do qu√£o ruim eh a bateria do iphone 7,0
"Galerinha que tem Samsung, o celular de vcs est√° esquentando muito quando carrega?",0
motorola deveria parar de fabricar celular ruim e fechar logo #falei,0
mds motorola muito ruim,0
"Uppscaling  de imagem de TV muda de TV para TV ? A minha TV 4K o 1080p fica p√©ssimo. Todo borrado. os 720p do Switch e PS3 nem se fala, √© p√©ssimo demais. Ate os 1440p fic aum pouco borrado. Ser√° que a C2 melhora isso ?",0
"bom, depois de uma semana com o celular novo minha review sobre a motorola √© que eles investem tanto no design que esquecem do resto, colocaram tudo num celular de entrada pra ele parecer completo, mas a maioria das coisas s√£o de baixa qualidade, one ui, c√¢meras..",0
essa nova atualiza√ß√£o que a Samsung fez no notebook √© horr√≠vel mds,0
"Ter iPhone √© igual ter carro, moto .. tem que comprar e ter o dinheiro para manter.  Carregador ficou ruim l√° vai 300 , pel√≠cula 120 , capinha 50 .. e por a√≠ vai ! Fora o seguro ..",0
Eu n√£o imaginava q a bateria do iphone era t√£o ruim   Ela derrete,0
Meu Deus como eu odeio Motorola que saudades de um Samsung,0
"A bateria do xiaomi √© mt ruim, jss",0
"C√¢mera de Xiaomi √© muito ruim.
Que celular da c√¢mera ruim.
S√≥ serve pra ligar.",0
"A c√¢mera traseira do iPhone 12 em lugares escuros lan√ßa uma edi√ß√£o ABSURDA DE RUIM na foto, e eu n√£o sei como tirar isso. Parece c√¢mera de Samsung üò§",0
att o celular e ficou p√©ssimo xiaomi se um dia te defendi eu tava louca,0
Bot√£o do meu iPhone t√° ficando ruim üò©üò©,0
"pq a c√¢mera do instagram no iphone √© t√£o ruim,sai tudo borrado igual um poket",0
√∫nico defeito de iphone √© essa bateria horr√≠vel e dps dessa atualiza√ß√£o ficou pior ainda,0
O bom √© que meu iphone parou de funcionar tudo,0
"Dica pr√°tica do dia do Tio Joca:  Tenho um samsung S 22. √â um bom aparelho e tal, mas tem uma bateria rid√≠cula. Passei a acompanhar um canal no YouTube, chamado Como √©, como faz? que ensina altos truques para celulares Samsung, como otimizar a bateria, por exemplo. Imperd√≠vel.",0
"Muito bom ter iPhone em dias de sol , vc n√£o enxergar absolutamente nada na tela",0
Pra mais algu√©m a atualiza√ß√£o do Samsung t√° horr√≠vel?,0
Ter iPhone √© bom mas √© cada App q eu perco por n√£o ter no iOS q vou te contar em ü§¨,0
O ruim de ter iPhone √© que a porra do carregador estraga f√°cil ü§åüèøü§¶üèø‚Äç‚ôÇÔ∏è,0
"Coloco meu celular p carregar 3 vezes no dia, s√≥ passo raiva c essa bateria de iPhone horr√≠velü§¨",0
"iphone √© um lixo, vou comprar um samsung",0
"Tu compra um Samsung com uma c√¢mera boa, mas a√≠ passa uns anos o trem vai ficando MUITO ruim, n√£o √© poss√≠vel q seja n√≥ia minha",0
Muito ruim ter iPhone e n√£o poder comprar um fone de 10 conto pq simplesmente o celular N√ÉO ACEITA ü´†,0
"S22 √© telefone excelente e tem poucos defeitos. Mas o principal √© a bateria de 3700mAH. N dura um dia, como q a empresa lan√ßa um telefone com uma autonomia rid√≠cula",0
"√önica coisa ruim do xiaomi √© q a bateria √© fraca, de resto √© bem bom",0
iphone 13 se voc√™ fosse um celular bom qual seria,0
pq cabo de iPhone √© t√£o ruim?,0
a apple botou no cy de todos usuarios com o M1. Fez um computador ''barato'' e potente acabando com o poder de venda dos usu√°rios que n√£o possuem M1. Agora ngm mais consegue vender MacBook com pre√ßo bom porque o AIR supera qualquer pro antigo,0
Impressionante como meu celular √© maravilhoso com luz natural por√©m horr√≠vel com qualquer outra luz,0
"Reclamei tanto da Samsung que fui furtada e tive que ter um Samsung, ta bom universo eu entendi",0
"A atualiza√ß√£o da Samsung t√° horr√≠vel, voc√™ j√° foi melhor, Samsung",0
Eu achava que o teclado da Xiaomi era ruim at√© ter um Samsung.,0
Essa atualiza√ß√£o do Samsung ta horr√≠vel,0
E √© ruim admitir isso pq eu passei um dia todo fazendo uma mobiliza√ß√£o pra arrumar a tv e poder olhar,0
meu celular t√° t√£o bom que carregando ele descarrega,0
"Ainda destaco que a atualiza√ß√£o para a TV ficou horr√≠vel, menu muito compacto, n√£o ficou nada visual e intuitivo.",0
Galeria da xiaomi √© horr√≠vel.,0
a parte ruim de ter iphone √© que nao da p fazer nada pirateado nessa bomba üíîüíîüíîüíî se eu tivesse aquele meu samsung podrao de 4 anos atr√°s eu ja tinha baixado 3 vers√µes diferentes do minecraftüñïüèºüñïüèº,0
A √∫nica coisa ruim do iPhone √© o carregador pqp j√° comprei mais de 500 carregador üòÇü§¶‚Äç‚ôÇÔ∏è,0
"Por que ningu√©m me avisou q a mem√≥ria do Iphone √© horr√≠vel?? ü•≤ no meu Motorola eu tinha trilh√µes de fotos,v√°rios app e n√£o dava mem√≥rias cheia",0
"Se vc est√° pensando em comprar QUALQUER EQUIPAMENTO SAMSUNG, aqui vai uma dica: REPENSE.

Celular, aqui, j√° foram 2 p/ o lixo. 
Agora, foi a vez do notebook.

Atendimento p√©ssimo: um empurra p/ o outro e, qnd vc telefona, fica horas ouvindo musiquinha e... NADA.
Lament√°vel.",0
intankavel o qu√£o ruim √© a c√¢mera do iPhone 13 comparado com a do iPhone 8,0
Nunca mais compro um Samsung pra celular ruim demais vei,0
motorola travando mais que samsung oh marca horr√≠vel mds,0
"Otimo dia, meu cabo do iphone quebrouuuu",0
iPhone √© muito bom mais n√£o √© nada de mais ..,0
N√£o desmerecendo celular nenhum ok?? Mas for√ßou c√¢mera ruim do Samsung,0
nossa senhora que interface horr√≠vel dependendo de onde vc entra no apple id ele te d√° acesso a coisas diferentes na conta,0
como o touch do iphone √© horr√≠vel,0
Essa atualiza√ß√£o da Samsung t√° ruim para caralho (m32). Notifica√ß√µes e √≠cones grandes e horr√≠veis,0
nossos ancestrais podem ter lutado com mamutes mas nunca v√£o entender como √© ruim digitar algo na tv com o controle,0
@DucaTambasco Comprei uma TCL tiver que trocar a smartv pelo Google muito lenta n√£o abria os app,0
apago todos os meus stories pq quando vou ver a qualidade t√° horr√≠vel APPLE ME D√Å UM CELULAR NOVO üò≠,0
eu quero um celular bom pra fotografar minhas fanarts  meu samsung tijol√£o deixa tudo uma bosta üò≠üò≠üò≠üò≠ elas merecem fotos dignas,0
"conforme orienta√ß√£o da marca. Me informaram que entre 15 a 20 dias estaria pronta. Al√©m do p√©ssimo atendimento da assist√™ncia, j√° se passaram 22 dias que minha tv est√° no conserto. ü§° +",0
